{"_type":"export","__export_format":4,"__export_date":"2022-11-09T12:33:10.674Z","__export_source":"insomnia.desktop.app:v2022.6.0","resources":[{"_id":"req_9704f13a67cc46619acc2ab011bd050d","parentId":"fld_09bd506bb2d54440a9a86b815f77eecc","modified":1667993655791,"created":1667993637567,"url":"http://localhost:4000/api/roles/10","name":"eliminar","description":"","method":"DELETE","body":{},"parameters":[],"headers":[],"authentication":{},"metaSortKey":-1667993637567,"isPrivate":false,"settingStoreCookies":true,"settingSendCookies":true,"settingDisableRenderRequestBody":false,"settingEncodeUrl":true,"settingRebuildPath":true,"settingFollowRedirects":"global","_type":"request"},{"_id":"fld_09bd506bb2d54440a9a86b815f77eecc","parentId":"wrk_3cd1c0277ec448069b0e3ceb063b84bf","modified":1667993269227,"created":1667993269227,"name":"roles","description":"","environment":{},"environmentPropertyOrder":null,"metaSortKey":-1667993269227,"_type":"request_group"},{"_id":"wrk_3cd1c0277ec448069b0e3ceb063b84bf","parentId":null,"modified":1667993259446,"created":1667993259446,"name":"api-medicina","description":"","scope":"collection","_type":"workspace"},{"_id":"req_aa41d6de097548e9a551043deb40966c","parentId":"fld_09bd506bb2d54440a9a86b815f77eecc","modified":1667993627207,"created":1667993561256,"url":"http://localhost:4000/api/roles/10","name":"editar","description":"","method":"PUT","body":{},"parameters":[],"headers":[],"authentication":{},"metaSortKey":-1667993561256,"isPrivate":false,"settingStoreCookies":true,"settingSendCookies":true,"settingDisableRenderRequestBody":false,"settingEncodeUrl":true,"settingRebuildPath":true,"settingFollowRedirects":"global","_type":"request"},{"_id":"req_b558521eb65d407995ca53a258686fc2","parentId":"fld_09bd506bb2d54440a9a86b815f77eecc","modified":1667996742335,"created":1667993503889,"url":"http://localhost:4000/api/roles","name":"agregar","description":"","method":"POST","body":{"mimeType":"application/json","text":"{\n\t\"nombreRol\": \"AUXILIARES\",\n\t\"estadoRol\": 1\n}"},"parameters":[],"headers":[{"name":"Content-Type","value":"application/json"}],"authentication":{},"metaSortKey":-1667993503889,"isPrivate":false,"settingStoreCookies":true,"settingSendCookies":true,"settingDisableRenderRequestBody":false,"settingEncodeUrl":true,"settingRebuildPath":true,"settingFollowRedirects":"global","_type":"request"},{"_id":"req_1a28e403e8ba4487adc1b0de8e4be80c","parentId":"fld_09bd506bb2d54440a9a86b815f77eecc","modified":1667993434495,"created":1667993319602,"url":"http://localhost:4000/api/roles/10","name":"listarUno","description":"","method":"GET","body":{},"parameters":[],"headers":[],"authentication":{},"metaSortKey":-1667993319602,"isPrivate":false,"settingStoreCookies":true,"settingSendCookies":true,"settingDisableRenderRequestBody":false,"settingEncodeUrl":true,"settingRebuildPath":true,"settingFollowRedirects":"global","_type":"request"},{"_id":"req_d3c47ec6d56f433c9e71eaae09495b82","parentId":"fld_09bd506bb2d54440a9a86b815f77eecc","modified":1667993306284,"created":1667993276186,"url":"http://localhost:4000/api/roles","name":"listar","description":"","method":"GET","body":{},"parameters":[],"headers":[],"authentication":{},"metaSortKey":-1667993276186,"isPrivate":false,"settingStoreCookies":true,"settingSendCookies":true,"settingDisableRenderRequestBody":false,"settingEncodeUrl":true,"settingRebuildPath":true,"settingFollowRedirects":"global","_type":"request"},{"_id":"env_067c39e0faa90a34286c9481bea55938c1321932","parentId":"wrk_3cd1c0277ec448069b0e3ceb063b84bf","modified":1667993259453,"created":1667993259453,"name":"Base Environment","data":{},"dataPropertyOrder":null,"color":null,"isPrivate":false,"metaSortKey":1667993259453,"_type":"environment"},{"_id":"jar_067c39e0faa90a34286c9481bea55938c1321932","parentId":"wrk_3cd1c0277ec448069b0e3ceb063b84bf","modified":1667993259456,"created":1667993259456,"name":"Default Jar","cookies":[],"_type":"cookie_jar"},{"_id":"spc_a6ab3d7cc1f44591887b555b979b3bc7","parentId":"wrk_3cd1c0277ec448069b0e3ceb063b84bf","modified":1667993259447,"created":1667993259447,"fileName":"api-medicina","contents":"","contentType":"yaml","_type":"api_spec"}]}