{"_type":"export","__export_format":4,"__export_date":"2022-11-10T12:52:42.501Z","__export_source":"insomnia.desktop.app:v2022.6.0","resources":[{"_id":"req_6ae0a52f83b544dcbd695e2b664e458b","parentId":"fld_ed38c69071754a0097f5cced11db7877","modified":1668083208830,"created":1668083191297,"url":"http://localhost:4000/api/ciudades/636ce82696695fe4421c129b","name":"listarUno","description":"","method":"GET","body":{},"parameters":[],"headers":[],"authentication":{},"metaSortKey":-1668083191297,"isPrivate":false,"settingStoreCookies":true,"settingSendCookies":true,"settingDisableRenderRequestBody":false,"settingEncodeUrl":true,"settingRebuildPath":true,"settingFollowRedirects":"global","_type":"request"},{"_id":"fld_ed38c69071754a0097f5cced11db7877","parentId":"wrk_3cd1c0277ec448069b0e3ceb063b84bf","modified":1668081503342,"created":1668081503342,"name":"ciudades","description":"","environment":{},"environmentPropertyOrder":null,"metaSortKey":-1668081503342,"_type":"request_group"},{"_id":"wrk_3cd1c0277ec448069b0e3ceb063b84bf","parentId":null,"modified":1667993259446,"created":1667993259446,"name":"api-medicina","description":"","scope":"collection","_type":"workspace"},{"_id":"req_df92b8e0c8e641ea81dc4d830789e79b","parentId":"fld_ed38c69071754a0097f5cced11db7877","modified":1668083197172,"created":1668082875372,"url":"http://localhost:4000/api/ciudades/636ce82696695fe4421c129b","name":"editar","description":"","method":"PUT","body":{"mimeType":"application/json","text":"{\n\t\"nombreCiudad\": \"Cucuta\"\n}"},"parameters":[],"headers":[{"name":"Content-Type","value":"application/json"}],"authentication":{},"metaSortKey":-1668082875372,"isPrivate":false,"settingStoreCookies":true,"settingSendCookies":true,"settingDisableRenderRequestBody":false,"settingEncodeUrl":true,"settingRebuildPath":true,"settingFollowRedirects":"global","_type":"request"},{"_id":"req_d19ab057f88c4481b10d88db2a5df5a4","parentId":"fld_ed38c69071754a0097f5cced11db7877","modified":1668082670976,"created":1668082358711,"url":"http://localhost:4000/api/ciudades/636ce94436d87491b719a57e","name":"eliminar","description":"","method":"DELETE","body":{},"parameters":[],"headers":[],"authentication":{},"metaSortKey":-1668082358711,"isPrivate":false,"settingStoreCookies":true,"settingSendCookies":true,"settingDisableRenderRequestBody":false,"settingEncodeUrl":true,"settingRebuildPath":true,"settingFollowRedirects":"global","_type":"request"},{"_id":"req_9f1398df0b3c49079be42d1b4d28c0cc","parentId":"fld_ed38c69071754a0097f5cced11db7877","modified":1668082222421,"created":1668082208097,"url":"http://localhost:4000/api/ciudades","name":"listar","description":"","method":"GET","body":{},"parameters":[],"headers":[],"authentication":{},"metaSortKey":-1668082208097,"isPrivate":false,"settingStoreCookies":true,"settingSendCookies":true,"settingDisableRenderRequestBody":false,"settingEncodeUrl":true,"settingRebuildPath":true,"settingFollowRedirects":"global","_type":"request"},{"_id":"req_849c65094f7f45fa9ed1ffac4739c9d3","parentId":"fld_ed38c69071754a0097f5cced11db7877","modified":1668083185311,"created":1668081508775,"url":"http://localhost:4000/api/ciudades","name":"agregar","description":"","method":"POST","body":{"mimeType":"application/json","text":"{\n\t\"nombreCiudad\": \"Cali\"\n}"},"parameters":[],"headers":[{"name":"Content-Type","value":"application/json"}],"authentication":{},"metaSortKey":-1668081508775,"isPrivate":false,"settingStoreCookies":true,"settingSendCookies":true,"settingDisableRenderRequestBody":false,"settingEncodeUrl":true,"settingRebuildPath":true,"settingFollowRedirects":"global","_type":"request"},{"_id":"req_09d96642787d44bda20be697200706a0","parentId":"fld_9ad6307f3b1e415cba53462d6788b16e","modified":1668084212572,"created":1668083702748,"url":"http://localhost:4000/api/usuarios","name":"agregar","description":"","method":"POST","body":{"mimeType":"application/json","text":"{\n\t\"idRol\": \"636b9742bb98b10cf9e24be9\",\n\t\"idCiudad\": \"636ce81d96695fe4421c1299\",\n\t\"nombresUsuario\": \"JHON JAIRO\",\n\t\"apellidosUsuario\": \"CORTES PAREDES\",\n\t\"correoUsuario\": \"jhonjairo.cortesp@live.com\",\n\t\"celularUsuario\": 3177891483,\n\t\"direccionUsuario\": \"calle 100\",\n\t\"generoUsuario\": 1,\n\t\"tipoDocumentoUsuario\": 1,\n\t\"documentoUsuario\": 4557444,\n\t\"edadUsuario\": 20,\n\t\"fechaNacimientoUsuario\": \"1998/05/10\",\n\t\"usuarioAcceso\": \"jhonjairo.cortesp@live.com\",\n\t\"claveAcceso\": \"123456\",\n\t\"estadoUsuario\": 1\n}"},"parameters":[],"headers":[{"name":"Content-Type","value":"application/json"}],"authentication":{},"metaSortKey":-1668083702748,"isPrivate":false,"settingStoreCookies":true,"settingSendCookies":true,"settingDisableRenderRequestBody":false,"settingEncodeUrl":true,"settingRebuildPath":true,"settingFollowRedirects":"global","_type":"request"},{"_id":"fld_9ad6307f3b1e415cba53462d6788b16e","parentId":"wrk_3cd1c0277ec448069b0e3ceb063b84bf","modified":1668081305688,"created":1668081305688,"name":"usuarios","description":"","environment":{},"environmentPropertyOrder":null,"metaSortKey":-1668081305688,"_type":"request_group"},{"_id":"req_9704f13a67cc46619acc2ab011bd050d","parentId":"fld_09bd506bb2d54440a9a86b815f77eecc","modified":1668079667549,"created":1667993637567,"url":"http://localhost:4000/api/roles/636b9c48bbb04ad70a1be22d","name":"eliminar","description":"","method":"DELETE","body":{},"parameters":[],"headers":[],"authentication":{},"metaSortKey":-1667993637567,"isPrivate":false,"settingStoreCookies":true,"settingSendCookies":true,"settingDisableRenderRequestBody":false,"settingEncodeUrl":true,"settingRebuildPath":true,"settingFollowRedirects":"global","_type":"request"},{"_id":"fld_09bd506bb2d54440a9a86b815f77eecc","parentId":"wrk_3cd1c0277ec448069b0e3ceb063b84bf","modified":1667993269227,"created":1667993269227,"name":"roles","description":"","environment":{},"environmentPropertyOrder":null,"metaSortKey":-1667993269227,"_type":"request_group"},{"_id":"req_aa41d6de097548e9a551043deb40966c","parentId":"fld_09bd506bb2d54440a9a86b815f77eecc","modified":1668081257784,"created":1667993561256,"url":"http://localhost:4000/api/roles/636b9ba5a1801d0f02c4f43a","name":"editar","description":"","method":"PUT","body":{"mimeType":"application/json","text":"{\n\t\"nombreRol\": \"AUXILIARES\",\n\t\"estadoRol\": 2\n}"},"parameters":[],"headers":[{"name":"Content-Type","value":"application/json"}],"authentication":{},"metaSortKey":-1667993561256,"isPrivate":false,"settingStoreCookies":true,"settingSendCookies":true,"settingDisableRenderRequestBody":false,"settingEncodeUrl":true,"settingRebuildPath":true,"settingFollowRedirects":"global","_type":"request"},{"_id":"req_b558521eb65d407995ca53a258686fc2","parentId":"fld_09bd506bb2d54440a9a86b815f77eecc","modified":1668081259411,"created":1667993503889,"url":"http://localhost:4000/api/roles","name":"agregar","description":"","method":"POST","body":{"mimeType":"application/json","text":"{\n\t\"nombreRol\": \"AUXILIARES\",\n\t\"estadoRol\": 1\n}"},"parameters":[],"headers":[{"name":"Content-Type","value":"application/json"}],"authentication":{},"metaSortKey":-1667993503889,"isPrivate":false,"settingStoreCookies":true,"settingSendCookies":true,"settingDisableRenderRequestBody":false,"settingEncodeUrl":true,"settingRebuildPath":true,"settingFollowRedirects":"global","_type":"request"},{"_id":"req_1a28e403e8ba4487adc1b0de8e4be80c","parentId":"fld_09bd506bb2d54440a9a86b815f77eecc","modified":1668080056578,"created":1667993319602,"url":"http://localhost:4000/api/roles/636b9ba5a1801d0f02c4f43a","name":"listarUno","description":"","method":"GET","body":{},"parameters":[],"headers":[],"authentication":{},"metaSortKey":-1667993319602,"isPrivate":false,"settingStoreCookies":true,"settingSendCookies":true,"settingDisableRenderRequestBody":false,"settingEncodeUrl":true,"settingRebuildPath":true,"settingFollowRedirects":"global","_type":"request"},{"_id":"req_d3c47ec6d56f433c9e71eaae09495b82","parentId":"fld_09bd506bb2d54440a9a86b815f77eecc","modified":1668080233351,"created":1667993276186,"url":"http://localhost:4000/api/roles","name":"listar","description":"","method":"GET","body":{},"parameters":[],"headers":[],"authentication":{},"metaSortKey":-1667993276186,"isPrivate":false,"settingStoreCookies":true,"settingSendCookies":true,"settingDisableRenderRequestBody":false,"settingEncodeUrl":true,"settingRebuildPath":true,"settingFollowRedirects":"global","_type":"request"},{"_id":"env_067c39e0faa90a34286c9481bea55938c1321932","parentId":"wrk_3cd1c0277ec448069b0e3ceb063b84bf","modified":1667993259453,"created":1667993259453,"name":"Base Environment","data":{},"dataPropertyOrder":null,"color":null,"isPrivate":false,"metaSortKey":1667993259453,"_type":"environment"},{"_id":"jar_067c39e0faa90a34286c9481bea55938c1321932","parentId":"wrk_3cd1c0277ec448069b0e3ceb063b84bf","modified":1667993259456,"created":1667993259456,"name":"Default Jar","cookies":[],"_type":"cookie_jar"},{"_id":"spc_a6ab3d7cc1f44591887b555b979b3bc7","parentId":"wrk_3cd1c0277ec448069b0e3ceb063b84bf","modified":1667993259447,"created":1667993259447,"fileName":"api-medicina","contents":"","contentType":"yaml","_type":"api_spec"}]}