[{
  "_id": {
    "$oid": "6388939bfc68e1070cd8a9dc"
  },
  "nombreCiudad": "BOGOTA",
  "createdAt": {
    "$date": {
      "$numberLong": "1669895067666"
    }
  },
  "updatedAt": {
    "$date": {
      "$numberLong": "1669895067666"
    }
  },
  "__v": 0
},{
  "_id": {
    "$oid": "638893a2fc68e1070cd8a9e2"
  },
  "nombreCiudad": "BUCARAMANGA",
  "createdAt": {
    "$date": {
      "$numberLong": "1669895074366"
    }
  },
  "updatedAt": {
    "$date": {
      "$numberLong": "1669895074366"
    }
  },
  "__v": 0
},{
  "_id": {
    "$oid": "638893a9fc68e1070cd8a9e8"
  },
  "nombreCiudad": "BARRANQUILLA",
  "createdAt": {
    "$date": {
      "$numberLong": "1669895081334"
    }
  },
  "updatedAt": {
    "$date": {
      "$numberLong": "1669895081334"
    }
  },
  "__v": 0
},{
  "_id": {
    "$oid": "638893affc68e1070cd8a9ee"
  },
  "nombreCiudad": "MEDELLIN",
  "createdAt": {
    "$date": {
      "$numberLong": "1669895087319"
    }
  },
  "updatedAt": {
    "$date": {
      "$numberLong": "1669895087319"
    }
  },
  "__v": 0
},{
  "_id": {
    "$oid": "638893b4fc68e1070cd8a9f4"
  },
  "nombreCiudad": "CUCUTA",
  "createdAt": {
    "$date": {
      "$numberLong": "1669895092934"
    }
  },
  "updatedAt": {
    "$date": {
      "$numberLong": "1669895092934"
    }
  },
  "__v": 0
},{
  "_id": {
    "$oid": "638893bdfc68e1070cd8a9fa"
  },
  "nombreCiudad": "CALI",
  "createdAt": {
    "$date": {
      "$numberLong": "1669895101175"
    }
  },
  "updatedAt": {
    "$date": {
      "$numberLong": "1669895101175"
    }
  },
  "__v": 0
}]