[{
  "_id": {
    "$oid": "63889c0f2c085bc32aa5e137"
  },
  "nombreEspecialidad": "Alergología",
  "createdAt": {
    "$date": {
      "$numberLong": "1669897231221"
    }
  },
  "updatedAt": {
    "$date": {
      "$numberLong": "1669897231221"
    }
  },
  "__v": 0
},{
  "_id": {
    "$oid": "63889c1b2c085bc32aa5e13a"
  },
  "nombreEspecialidad": "Anestesiología y reanimación",
  "createdAt": {
    "$date": {
      "$numberLong": "1669897243291"
    }
  },
  "updatedAt": {
    "$date": {
      "$numberLong": "1669897243291"
    }
  },
  "__v": 0
},{
  "_id": {
    "$oid": "63889c232c085bc32aa5e13d"
  },
  "nombreEspecialidad": "Cardiología",
  "createdAt": {
    "$date": {
      "$numberLong": "1669897251885"
    }
  },
  "updatedAt": {
    "$date": {
      "$numberLong": "1669897251885"
    }
  },
  "__v": 0
},{
  "_id": {
    "$oid": "63889c322c085bc32aa5e140"
  },
  "nombreEspecialidad": "Medicina interna",
  "createdAt": {
    "$date": {
      "$numberLong": "1669897266507"
    }
  },
  "updatedAt": {
    "$date": {
      "$numberLong": "1669897266507"
    }
  },
  "__v": 0
},{
  "_id": {
    "$oid": "63889c3f2c085bc32aa5e143"
  },
  "nombreEspecialidad": "Neurología",
  "createdAt": {
    "$date": {
      "$numberLong": "1669897279428"
    }
  },
  "updatedAt": {
    "$date": {
      "$numberLong": "1669897279428"
    }
  },
  "__v": 0
},{
  "_id": {
    "$oid": "63889c492c085bc32aa5e146"
  },
  "nombreEspecialidad": "Pediatría",
  "createdAt": {
    "$date": {
      "$numberLong": "1669897289522"
    }
  },
  "updatedAt": {
    "$date": {
      "$numberLong": "1669897289522"
    }
  },
  "__v": 0
},{
  "_id": {
    "$oid": "63889c502c085bc32aa5e149"
  },
  "nombreEspecialidad": "Psiquiatría",
  "createdAt": {
    "$date": {
      "$numberLong": "1669897296850"
    }
  },
  "updatedAt": {
    "$date": {
      "$numberLong": "1669897296850"
    }
  },
  "__v": 0
}]